{
  "project_info": {
    "project_number": "1005364756228",
    "project_id": "flutter-ecommerce-app-211eb",
    "storage_bucket": "flutter-ecommerce-app-211eb.appspot.com"
  },
  "client": [
    {
      "client_info": {
        "mobilesdk_app_id": "1:1005364756228:android:31776cf0c620b43dbb1a51",
        "android_client_info": {
          "package_name": "com.example.ecom"
        }
      },
      "oauth_client": [
        {
          "client_id": "1005364756228-6ag59tai6cid8lgfmda20u7b86ldt57e.apps.googleusercontent.com",
          "client_type": 3
        }
      ],
      "api_key": [
        {
          "current_key": "AIzaSyBcO58vpY8sxe9d2-VKBbODzd8a4RHsNkY"
        }
      ],
      "services": {
        "appinvite_service": {
          "other_platform_oauth_client": [
            {
              "client_id": "1005364756228-6ag59tai6cid8lgfmda20u7b86ldt57e.apps.googleusercontent.com",
              "client_type": 3
            }
          ]
        }
      }
    }
  ],
  "configuration_version": "1"
}